X,Y,OBJECTID,PARK_NAME,AGE_RANGE,DATE_INSTALLED,COMMENTS,DATA_SOURCE
-75.0498874028574,40.0282926661409,1,Joseph F Vogt Playground,5_12_YEARS,2008/01/01 00:00:00+00,,"Capital Data 2019, Pictometry 2020"
-75.0628791811814,40.016068294458,2,Victor J Moss Memorial Field,5_12_YEARS,2019/10/01 00:00:00+00,Installed during renovations 10/2019,"Pictometry 2020,Capital Drawings"
-75.2100764028395,39.9422850736278,3,48th and Woodland Playground,5_12_YEARS,,,"Cyclomedia 2018, Playground Equipment 2017, Pictometry 2020"
-75.0763048699927,40.0142394980842,4,William (Billy) Gambrel Playground,5_12_YEARS,2009/01/01 00:00:00+00,,"Capital Data 2019, Pictometry 2020"
-75.1236168485949,39.9944888364794,5,Marian Winfield Hissey Recreation Center,5_12_YEARS,2016/01/01 00:00:00+00,,"Capital Data 2019, Pictometry 2020"
-75.1988296685942,39.9733075284736,6,Clayborne and Lewis Playground,5_12_YEARS,2004/01/01 00:00:00+00,,"Capital Data 2019, Pictometry 2020"
-75.011820946871,40.0560715711442,7,Thomas Holme School Playground,5_12_YEARS,2015/01/01 00:00:00+00,,"Capital Data 2019, Pictometry 2020"
-75.167215095532,39.9688833390501,8,Francisville Recreation Center,5_12_YEARS,2012/01/01 00:00:00+00,,"Capital Data 2019, Pictometry 2020"
-75.1010689293192,40.0459092019909,9,Lawncrest Recreation Center,5_12_YEARS,,,"Pictometry 2020, Playground Equipment 2017"
-74.9744272031744,40.079447439046,10,Corporal Jimmy OConnor Memorial Playground,5_12_YEARS,2012/01/01 00:00:00+00,Formerly Chalfont Playground,Pictometry 2021
-75.0345876256812,40.0300171789308,11,Charles A Russo Playground,5_12_YEARS,2012/01/01 00:00:00+00,,"Capital Data 2019, Pictometry 2020"
-75.1193375335742,39.9951185138029,12,McPherson Square,2_5_YEARS,2012/01/01 00:00:00+00,,"Capital Data 2019, Pictometry 2020"
-75.1423264192288,39.9716583424125,13,Thomas Hart Park,2_5_YEARS,,,"Cyclomedia 2018, Playground Equipment 2017, Pictometry 2020"
-75.1510580833714,39.9558615114041,14,Franklin Square,5_12_YEARS,,,"Cyclomedia 2018, Playground Equipment 2017, Pictometry 2020"
-75.1372472907824,39.9724698832745,15,Hancock Playground,5_12_YEARS,2020/08/01 00:00:00+00,,"Pictometry 2020;Rebuild Construction Updates 2020"
-75.1294667838453,40.0018435769146,16,John (Steve) Schmidt Playground,5_12_YEARS,,,"Cyclomedia 2018, Playground Equipment 2017, Pictometry 2020"
-75.0801095297078,40.0241052453791,17,Joseph C McIlvain Playground,5_12_YEARS,,,"Google Street View 2018, Pictometry 2020"
-75.1536893425177,39.9155185616273,18,Lawrence E Murphy Recreation Center,5_12_YEARS,2017/01/01 00:00:00+00,,NearMap 2021
-74.9893219099009,40.0952011771668,19,Michael Palmer Playground,5_12_YEARS,2018/01/01 00:00:00+00,,"Capital Data 2019, Pictometry 2020"
-75.1963279367064,39.9640191843914,20,37th and Mount Vernon Playground ,5_12_YEARS,,,"Cyclomedia 2018, Playground Equipment 2017, Pictometry 2020"
-75.137034956803,40.0384475857691,21,A Albert Cherashore Playground,5_12_YEARS,,,"Cyclomedia 2018, Playground Equipment 2017, Pictometry 2020"
-75.164349946428,39.9331664850538,22,Columbus Square,5_12_YEARS,,,NearMap 2021
-74.9976693079096,40.0589268996067,23,Torresdale Recreation Center,5_12_YEARS,2019/01/01 00:00:00+00,,NearMap2021
-75.0971852274094,40.0127562953595,24,Boniface Piccoli Playground,5_12_YEARS,2017/01/01 00:00:00+00,,"Capital Data 2019, Pictometry 2020"
-74.9915630824383,40.0680625948836,25,Thomas Mitchell Playground,5_12_YEARS,2012/01/01 00:00:00+00,,"Capital Data 2019, Pictometry 2020"
-75.1432440424009,39.9627603903833,26,Northern Liberties Recreation Center,2_5_YEARS,,,"Cyclomedia 2018, Playground Equipment 2017, Pictometry 2020"
-75.1014369625768,39.9863506080621,27,Frank Glavin Playground,5_12_YEARS,,,"Cyclomedia 2018, Playground Equipment 2017, Pictometry 2020"
-75.2320260992519,39.9152173603464,28,J Francis Finnegan Playground,5_12_YEARS,2017/01/01 00:00:00+00,Next to Recreation Center,"Cyclomedia 2018, Playground Equipment 2017, Capital Data 2019, Pictometry 2020"
-75.0803261275796,40.0138934115899,29,Wilmot Park,UNKNOWN,,,"Cyclomedia 2018, Playground Equipment 2017,Pictometry 2020"
-75.2225773889606,39.9671090384164,30,West Mill Creek,5_12_YEARS,2014/01/01 00:00:00+00,,"Capital Data 2019, Pictometry 2020"
-75.1743704249508,40.0394237013983,31,Morton Playground,5_12_YEARS,,,"Cyclomedia 2018, Playground Equipment 2017, Pictometry 2020"
-75.0508218346138,40.0618281422985,32,George C Pelbano Playground,5_12_YEARS,,No Signage. No Fence.,"Pictometry 2020; GIS Field Verified 9/2020"
-75.1452397660437,39.9653500688578,33,Lawrence Street Playground,UNKNOWN,,,"Cyclomedia 2018, Playground Equipment 2017, Pictometry 2020"
-75.1770516242811,40.0361329150859,34,Vernon Park,5_12_YEARS,,,"Pictometry 2020, Playground Equipment 2017"
-75.1327555359718,39.98888045733,35,Waterloo Playground,5_12_YEARS,2021/10/01 00:00:00+00,"2021 Renovation, moved to this location.","NearMap 2021, Capital Drawings 2021"
-75.1479239082026,39.9441770243681,36,Delancey Park,5_12_YEARS,,,"Cyclomedia 2018, Playground Equipment 2017"
-75.1281113247448,39.9665746473436,37,Penn Treaty Park,2_12_YEARS,2016/01/01 00:00:00+00,,"Capital Data 2019, Pictometry 2020"
-75.1303049466236,39.9998002448287,38,Jose Manuel Collazo Park,5_12_YEARS,2017/07/01 00:00:00+00,,NearMap 2021
-75.1417067656558,39.9868800728599,39,Rainbow De Colores Playground,UNKNOWN,,,"Cyclomedia 2018, Playground Equipment 2017, Pictometry 2020"
-75.106799684213,39.9991942251292,40,Harrowgate Park,UNKNOWN,,,"Pictometry 2020, Playground Equipment 2017"
-75.1351421016366,39.9781591100109,41,Michael J Towey Playground,5_12_YEARS,,,"Cyclomedia 2018, Playground Equipment 2017, Pictometry 2020"
-75.1562263819556,39.9193243621317,42,Mifflin Square,5_12_YEARS,,,"Cyclomedia 2018, Playground Equipment 2017, Pictometry 2020"
-75.2132698645828,40.0216528257376,43,Wissahickon Neighbors Playground,UNKNOWN,,,"Cyclomedia 2018, Playground Equipment 2017, Pictometry 2020"
-75.1218804311981,40.0006092140506,44,Sergeant John J McVeigh Recreation Center,5_12_YEARS,,,"Pictometry 2020, Playground Equipment 2017"
-75.1431421791224,40.0100163071657,45,Butler and Percy Play Lot,UNKNOWN,,,"Cyclomedia 2018, Playground Equipment 2017, Pictometry 2020"
-75.1573444835365,40.0612369571705,46,William B Simons Recreation Center,5_12_YEARS,,,"Pictometry 2020, Playground Equipment 2017"
-75.1001559754478,39.9833742958311,47,Reverend M Monkiewicz Recreation Center,5_12_YEARS,,,"Cyclomedia 2018, Playground Equipment 2017, Pictometry 2020"
-75.002656677645,40.0523899994513,48,George Jacobs Playground,5_12_YEARS,,,"Pictometry 2020, Playground Equipment 2017"
-75.0040367943062,40.0490939818252,49,Ronald Trumbette Playground,5_12_YEARS,,,"Pictometry 2020, Playground Equipment 2017"
-75.1749578466637,40.0019435984111,50,James Allen Shuler Playground,5_12_YEARS,,,"Cyclomedia 2018, Playground Equipment 2017, Pictometry 2020"
-75.1457660148154,39.9347069451759,51,Shot Tower Recreation Center,5_12_YEARS,,,"Cyclomedia 2018, Playground Equipment 2017, Pictometry 2020"
-75.1551059844579,39.933057876571,52,Gold Star Park,5_12_YEARS,2020/11/01 00:00:00+00,,Capital and Communications Info 2020
-75.211749047595,40.0291131592615,53,W Freeland Kendrick Recreation Center,5_12_YEARS,,,"Google Street View 2018, Playground Equipment 2017, Pictometry 2020"
-75.1511304758224,39.9334925563513,54,Solomon Sacks Playground,UNKNOWN,,,"Cyclomedia 2018, Playground Equipment 2017, Pictometry 2020"
-75.0545143777444,40.0187961211056,55,American Legion Playground,5_12_YEARS,2016/01/01 00:00:00+00,,"Capital Data 2019, Pictometry 2020"
-75.167570888799,39.9654544812566,56,Roberto Clemente Playground,5_12_YEARS,2011/01/01 00:00:00+00,,"Capital Data 2019, Pictometry 2020"
-75.2341923618031,39.9673634486086,57,Haddington-Marshall L Shepard Sr Recreation Center,5_12_YEARS,,,"Pictometry 2020, Playground Equipment 2017"
-75.1495009148508,39.9288170210963,58,Karen Donnelly Park,UNKNOWN,,,Cyclomedia 2020
-75.1312114936674,40.043133541381,59,Fisher Park,5_12_YEARS,,,"Google Street View 2018, Playground Equipment 2017, Pictometry 2020"
-75.1359639178074,40.0313348780671,60,John L Barrett Playground,5_12_YEARS,,,"Pictometry 2020, Playground Equipment 2017"
-75.2311053071567,40.0686441379798,61,Samuel F Houston Playground,5_12_YEARS,,,"Cyclomedia 2018, Playground Equipment 2017, Pictometry 2020"
-75.1785300208685,39.9780400421786,62,Athletic Recreation Center,5_12_YEARS,,,"Cyclomedia 2018, Playground Equipment 2017, Pictometry 2020"
-75.1741621467083,40.0058186354273,63,Etting Park,UNKNOWN,,,"Cyclomedia 2018, Playground Equipment 2017, Pictometry 2020"
-75.2495976404969,39.9510737819264,64,Rufus O Williams Memorial Playground,UNKNOWN,,,"Cyclomedia 2018, Playground Equipment 2017, Pictometry 2020"
-75.147349552973,39.9831347568495,65,8th and Diamond Playground,5_12_YEARS,2021/07/01 00:00:00+00,Installed 2020-2021 (Rebuild),"Capital Drawings 2021; NearMap 2021"
-75.2374880600354,39.9467548991874,66,Sherwood Park,UNKNOWN,,,"Cyclomedia 2018, Playground Equipment 2017, Pictometry 2020"
-75.2259563561277,39.9526244917349,67,Malcolm X Memorial Park,UNKNOWN,,,"Cyclomedia 2018, Playground Equipment 2017, Pictometry 2020"
-75.1833438181184,39.9482135598272,68,William H (Billy) Markward Memorial Playground,5_12_YEARS,2017/01/01 00:00:00+00,,"Capital Data 2019, Pictometry 2020"
-75.08159351372,40.0410020071412,69,Seymour Tarken Recreation Center,2_5_YEARS,,,"Pictometry 2020, Playground Equipment 2017"
-75.0212468418741,40.0438188979255,70,Frankford and Solly Playground,UNKNOWN,,,Street Smart 2020
-75.1708850664853,39.9145694221987,71,Marconi Plaza,5_12_YEARS,,On the Southeast Side,"Cyclomedia 2018, Playground Equipment 2017, Pictometry 2020"
-75.1563397944911,40.0425788334015,72,Belfield Recreation Center,5_12_YEARS,,,"Cyclomedia 2018, Playground Equipment 2017, Pictometry 2020"
-75.1506910613884,39.9210933840219,73,Reverend Edward P Burke Playground,5_12_YEARS,,,"Cyclomedia 2018, Playground Equipment 2017, Pictometry 2020"
-75.1178235369123,39.9814409680239,74,Frederick Cione Playground,5_12_YEARS,2016/01/01 00:00:00+00,,"Capital Data 2019, Pictometry 2020"
-75.1791876762697,40.0474895941157,75,Daniel E Rumph II Recreation Center,5_12_YEARS,,,"Cyclomedia 2018, Playground Equipment 2017, Pictometry 2020"
-75.1798659456073,39.9980909939079,76,29th and Chalmers Playground,5_12_YEARS,2010/01/01 00:00:00+00,,"Capital Data 2019, Pictometry 2020"
-75.2006342662934,40.0759272772301,77,Water Tower Recreation Center,5_12_YEARS,,,"Pictometry 2020, Playground Equipment 2017"
-75.2479781542053,39.9588493804311,78,Johnny Sample Recreation Center,5_12_YEARS,,,"Cyclomedia 2018, Playground Equipment 2017, Pictometry 2020"
-75.1104384690301,40.0339834553939,79,Garland and Bingham Fields,5_12_YEARS,,,"Cyclomedia 2018, Playground Equipment 2017, Pictometry 2020"
-75.2034463173004,40.0225453670263,80,David P Montgomery Field,5_12_YEARS,,,"Google Street View 2018, Playground Equipment 2017, Pictometry 2020"
-75.188211702046,40.0577461474029,81,Mount Airy Playground,5_12_YEARS,,,"Pictometry 2020, Playground Equipment 2017"
-75.073318113476,40.011080460187,82,Carmella A DiTizio Playground,5_12_YEARS,2020/08/01 00:00:00+00,Installed during renoations 8/2021,NearMap 2021
-75.2408492617337,39.9820701805294,83,Ernest L Tustin Recreation Center,5_12_YEARS,,,"Cyclomedia 2018, Playground Equipment 2017, Pictometry 2020"
-75.1773495785502,39.9036145695331,84,Franklin Delano Roosevelt Park,2_5_YEARS,,,"Cyclomedia 2018, Playground Equipment 2017, Pictometry 2020"
-75.2207831700617,40.02541799162,85,Pretzel Park,5_12_YEARS,2019/03/01 00:00:00+00,,"Capital 2020; Pictometry 2020"
-75.1635534939411,39.9385552111124,86,Hawthorne Cultural Center,5_12_YEARS,,,"Cyclomedia 2018, Playground Equipment 2017"
-75.228103462482,40.0416878010287,87,Joseph V Kelly Memorial Playground,5_12_YEARS,,,"Google Street View 2018, Playground Equipment 2017, Pictometry 2020"
-75.221378788757,39.9537590629828,88,Ben Barkan Park,UNKNOWN,,,"Cyclomedia 2018, Playground Equipment 2017"
-75.1596927083079,40.0500333310874,89,Lonnie Young Recreation Center of East Germantown,5_12_YEARS,,,"Cyclomedia 2018, Playground Equipment 2017, Pictometry 2020"
-75.138068629626,39.9891608415226,90,Frank S Nelson Jr Memorial Recreation Center,5_12_YEARS,2020/01/01 00:00:00+00,Installed between 2019-2020.,Pictometry 2020
-75.0765099095515,40.0565918415784,91,Thomas E Jardel Memorial Field,2_5_YEARS,,,"Pictometry 2020, Playground Equipment 2017"
-75.2459833616506,39.9434896194243,92,Robert Wilson III Park,UNKNOWN,,,"Cyclomedia 2018, Playground Equipment 2017, Pictometry 2020"
-75.1612627455721,40.0063895790837,93,Jerome Brown Playground,5_12_YEARS,,,"Cyclomedia 2018, Playground Equipment 2017, Pictometry 2020"
-75.1807340431848,40.0254497022063,94,Cloverly Park,UNKNOWN,,,"Google Street View 2018, Playground Equipment 2017, Pictometry 2020"
-75.178602773431,39.9153480576142,95,Commodore John Barry Playground,5_12_YEARS,,,"Cyclomedia 2018, Playground Equipment 2017, Pictometry 2020"
-75.1232195501238,40.0493906622862,96,Helen G Sturgis Playground,5_12_YEARS,,,"Cyclomedia 2018, Playground Equipment 2017, Pictometry 2020"
-75.1875942754625,40.0087951186384,97,Harry S McDevitt Playground,5_12_YEARS,2013/01/01 00:00:00+00,,"Capital Data 2019, Pictometry 2020"
-75.1329399087626,39.991690296768,98,Gerald J Maguire Playground,UNKNOWN,,,"Cyclomedia 2018, Playground Equipment 2017"
-75.2117561550469,39.9561528692229,99,45th and Sansom Tot Lot,2_5_YEARS,,,"Cyclomedia 2018, Playground Equipment 2017, Pictometry 2020"
-75.043977836472,40.028090785473,100,Disston Recreation Center,2_5_YEARS,2019/11/01 00:00:00+00,Installed during 2019/2020 renovations,"Pictometry 2020, Rebuild Construction Updates 2020"
-75.2291321971892,40.034025931778,101,Hillside Recreation Center,5_12_YEARS,,Next to Recreation Center,"Cyclomedia 2018, Playground Equipment 2017, NearMap2021"
-75.1741025199703,39.9379305689498,102,Charles H Chew Jr Playground,5_12_YEARS,,,"Cyclomedia 2018, Playground Equipment 2017, Pictometry 2020"
-75.1234663644634,39.9837020514142,103,Black Coyle and McBride Playground,5_12_YEARS,,,"Cyclomedia 2018, Playground Equipment 2017, Pictometry 2020"
-75.1714469473726,39.9420291560831,104,Marian Anderson Recreation Center,5_12_YEARS,2018/01/01 00:00:00+00,,"Capital Data 2019, Pictometry 2020"
-75.2062848190461,39.9992943418943,105,Ford Road Playground,2_12_YEARS,,West Fairmount Park,Capital Data 2019. Pictometry 2020
-75.1495903752684,39.9969024345408,106,12th and Cambria Playground,5_12_YEARS,2011/01/01 00:00:00+00,,"Capital Data 2019, Pictometry 2020"
-75.0612426039966,40.0292537666661,107,Lower Mayfair Playground,5_12_YEARS,,,"Cyclomedia 2018, Playground Equipment 2017, Pictometry 2020"
-75.1372773906485,39.96706360172,108,Tip Top Playground,5_12_YEARS,,,"Cyclomedia 2018, Playground Equipment 2017, Pictometry 2020"
-75.1842671314907,39.9793496198613,109,Howard McCall Sr Playground,5_12_YEARS,,,"Cyclomedia 2018, Playground Equipment 2017, Pictometry 2020"
-75.1181466672171,39.9765542437203,110,Webb Street Play Lot,2_5_YEARS,,,"Cyclomedia 2018, Playground Equipment 2017, Pictometry 2020"
-75.1690436629788,40.0455495557289,111,Waterview Recreation Center,5_12_YEARS,,,"Cyclomedia 2018, Playground Equipment 2017, Pictometry 2020"
-75.2204737415892,40.0367469178669,112,Susan Gorgas Park,5_12_YEARS,,,"Google Street View 2018, Playground Equipment 2017, Pictometry 2020"
-75.1869017997817,39.9948660982055,113,Strawberry Mansion Playground,UNKNOWN,,,"Cyclomedia 2018, Playground Equipment 2017, Pictometry 2020"
-75.1322727630713,39.9774530717781,114,Dan Shissler Recreation Center,2_5_YEARS,,,"Cyclomedia 2018, Playground Equipment 2017, Pictometry 2020"
-75.2009696876699,39.9658420435071,115,Norman (Butch) Ellis Playground,5_12_YEARS,,,"Cyclomedia 2018, Playground Equipment 2017, Pictometry 2020"
-75.0886359893341,40.0170716650854,116,Overington Park,UNKNOWN,,,Street Smart 2020
-75.1598083149051,39.9437990665584,117,Charles Seger Park,5_12_YEARS,2012/01/01 00:00:00+00,,"Capital Data 2019, Pictometry 2020"
-75.1828402059283,39.9359550693686,118,Wharton Square,5_12_YEARS,2014/01/01 00:00:00+00,,"Capital Data 2019, Pictometry 2020"
-74.9720366599354,40.096416849212,119,Eileen Fitzpatrick Playground,5_12_YEARS,,,"Pictometry 2020, Playground Equipment 2017"
-75.1799047456167,40.0332677956458,120,Price Street Play Lot,2_5_YEARS,,,"Google Street View 2018, Playground Equipment 2017, Pictometry 2020"
-75.0243258347878,40.0482137648259,121,James J Ramp Playground,5_12_YEARS,,,"On-Site Assessment, Pictometry 2020"
-75.1725965151147,39.923237444394,122,Thomas I Guerin Recreation Center,5_12_YEARS,,,"Cyclomedia 2018, Playground Equipment 2017, Pictometry 2020"
-75.1693724143273,40.0200867215188,123,Fernhill Park,5_12_YEARS,,,"Pictometry 2020, Playground Equipment 2017"
-75.1467188369523,40.0509200085287,124,Morris Estate Cultural Center,5_12_YEARS,,,"Cyclomedia 2018, Playground Equipment 2017, Pictometry 2020"
-75.0484224045107,40.0212646374609,125,Frank JG Dorsey Memorial Playground,2_5_YEARS,2018/11/05 00:00:00+00,,"Google Street View 2018, Pictometry 2020"
-75.209333430911,39.9473297325052,126,Clarence H Clark Park,5_12_YEARS,,,"Cyclomedia 2018, Playground Equipment 2017, Pictometry 2020"
-75.1697879039635,39.9804081917902,127,Dr Martin Luther King Jr Recreation Center,5_12_YEARS,2014/01/01 00:00:00+00,,"Capital Data 2019, Pictometry 2020"
-75.1124068290235,39.9840720696314,128,Cohocksink Recreation Center,5_12_YEARS,,,"Cyclomedia 2018, Playground Equipment 2017, Pictometry 2020"
-75.1908829367219,39.9637241823938,129,James L Wright Playground,2_5_YEARS,,,"Cyclomedia 2018, Playground Equipment 2017, PPR Buildings & Structures"
-75.1433760313682,40.0159568781276,130,Hunting Park,UNKNOWN,,"In the southern portion of the park, just north of the baseball field","Cyclomedia 2018, Playground Equipment 2017, Pictometry 2020"
-75.1457457691289,40.0204880796253,131,Wingohocking Park,5_12_YEARS,,,"Cyclomedia 2018, Playground Equipment 2017, Pictometry 2020"
-75.1282943118005,39.9834203164714,132,Hagert Street Playground,2_5_YEARS,2018/01/01 00:00:00+00,,"Capital Data 2019, Pictometry 2020"
-75.1053539618117,40.0147222397883,133,Joseph A Ferko Playground,5_12_YEARS,,,"Cyclomedia 2020, Pictometry 2020"
-75.2087384501555,40.0023014428298,134,Woodside Park,5_12_YEARS,2010/01/01 00:00:00+00,,"Capital Data 2019, Pictometry 2020"
-74.9895550933615,40.0806194788441,135,Elizabeth M Picariello Playground,5_12_YEARS,2010/01/01 00:00:00+00,,"Capital Data 2019, Pictometry 2020"
-75.1583078371559,39.9409963919366,136,Walter Palumbo Recreation Center,5_12_YEARS,,,"Cyclomedia 2018, Playground Equipment 2017, Pictometry 2020"
-75.1511754556014,39.9755215542417,137,Marie Dendy Recreation Center,5_12_YEARS,2016/01/01 00:00:00+00,,"Capital Data 2019, Pictometry 2020"
-75.243289765298,39.9661695988839,138,Horton Street Play Lot,UNKNOWN,,,"Cyclomedia 2018, Playground Equipment 2017, Pictometry 2020"
-75.1557102925201,40.0007720500028,139,Heritage Park Playground,5_12_YEARS,,,"Cyclomedia 2018, Playground Equipment 2017, Pictometry 2020"
-75.1753815862834,39.9873320523132,140,Eric W (Hank) Gathers Jr Recreation Center,5_12_YEARS,,,"Cyclomedia 2018, Playground Equipment 2017, Pictometry 2020"
-75.2313349760209,39.977233235333,141,Charles A Baker Playground,5_12_YEARS,,,"Cyclomedia 2018, Playground Equipment 2017, Pictometry 2020"
-75.0825160246311,40.0744135162112,142,Fox Chase Recreation Center,5_12_YEARS,,,"Pictometry 2020, Playground Equipment 2017"
-75.1889061514199,39.9308016430141,143,George A Vare Recreation Center,5_12_YEARS,,,"Cyclomedia 2018, Playground Equipment 2017, Pictometry 2020"
-75.0212534284592,40.0915737573265,144,Officer Robert Hayes Memorial Playground,5_12_YEARS,2020/01/01 00:00:00+00,Installed between 2019 and 2020.,"NearMap2021, Rebuild Construction Updates 2020, Capital Drawings"
-74.9701206054304,40.1028472517099,145,Jim Junod Recreation Center,5_12_YEARS,2012/01/01 00:00:00+00,,"Capital Data 2019, Pictometry 2020"
-75.1175943375546,40.0429106380128,146,Olney Recreation Center,5_12_YEARS,,,"Cyclomedia 2018, Playground Equipment 2017, Pictometry 2020"
-75.236444090584,39.9710385243882,147,Carroll Park,UNKNOWN,2018/05/01 00:00:00+00,,NearMap 2021
-75.2107167901287,40.017798076431,148,Sabatino La Noce Park,2_5_YEARS,,,"Google Street View 2018, Playground Equipment 2017, Pictometry 2020"
-75.1072552131611,39.9822786306025,149,Thomas P Stokley Recreation Center,5_12_YEARS,2014/01/01 00:00:00+00,,"Capital Data 2019, Pictometry 2020"
-75.0529896725632,40.0394475884287,150,Mayfair Recreation Center,2_5_YEARS,,,"Pictometry 2020, Playground Equipment 2017"
-75.1603039390569,39.9818937441077,151,Fletcher B Amos Playground,5_12_YEARS,2013/01/01 00:00:00+00,,"Capital Data 2019, Pictometry 2020"
-75.1823492085481,40.0569539126466,152,Pleasant Playground,5_12_YEARS,,,"Cyclomedia 2018, Playground Equipment 2017, Pictometry 2020"
-75.1660112088704,40.0018897454124,153,Vincent G Panati Playground,5_12_YEARS,2015/01/01 00:00:00+00,,"Capital Data 2019, Pictometry 2020"
-75.0265213643425,40.0362341375632,154,Holmesburg Recreation Center,5_12_YEARS,,,"Pictometry 2020, Playground Equipment 2017"
-75.0673924281359,39.9996846742421,155,Bridesburg Recreation Center,5_12_YEARS,2015/01/01 00:00:00+00,,"Capital Data 2019, Pictometry 2020"
-75.1505669648274,39.9380930093534,156,Weccacoe Square,5_12_YEARS,,,"Cyclomedia 2018, Playground Equipment 2017, Pictometry 2020"
-75.1457565423431,39.9739514744782,157,Narcissa S Cruz Recreation Center,5_12_YEARS,,,"Cyclomedia 2018, Playground Equipment 2017, Pictometry 2020"
-75.0705417957539,40.0389528451494,158,Max Myers Playground,5_12_YEARS,2018/01/01 00:00:00+00,,"Capital Data 2019, Pictometry 2020"
-75.2372128685939,39.905777141722,159,Eastwick Park,5_12_YEARS,,,"Cyclomedia 2018, Playground Equipment 2017, Pictometry 2020"
-75.2227718756362,39.9482425023871,160,Cedar Park,UNKNOWN,,,"Cyclomedia 2018, Playground Equipment 2017, Pictometry 2020"
-75.1576604034587,39.9888592489422,161,Marie Winchester Playground,5_12_YEARS,,,"Cyclomedia 2018, Playground Equipment 2017, Pictometry 2020"
-75.2347577199742,39.9489768677694,162,Albert W Christy Sr Recreation Center,5_12_YEARS,2017/01/01 00:00:00+00,,"Capital Data 2019, Pictometry 2020"
-75.2034554031957,40.0513139052949,163,Allens Lane Art Center,5_12_YEARS,,,"Pictometry 2020, Playground Equipment 2017"
-75.1380408467933,40.0009561829056,164,Ramonita Negron Rivera Recreation and Community Center,5_12_YEARS,2019/05/01 00:00:00+00,,NearMap 2021
-75.1391219032281,39.9905720963083,165,Fairhill Square,5_12_YEARS,2017/01/01 00:00:00+00,,"Capital Data 2019, Pictometry 2020"
-75.1525675534283,40.0244215916609,166,Stenton Park,5_12_YEARS,2019/03/01 00:00:00+00,Installed during 2019 Renovations.,NearMap 2021
-75.1753006063331,40.081521027053,167,Dorothy Emanuel Recreation Center,5_12_YEARS,,,"Cyclomedia 2018, Playground Equipment 2017, Pictometry 2020"
-75.1181325493396,40.0342956922303,168,Charles J Ziehler Playground,5_12_YEARS,,,"Cyclomedia 2018, Playground Equipment 2017, Pictometry 2020"
-75.1946055222832,39.9215266200184,169,29th and Passyunk Park,2_5_YEARS,,,"Cyclomedia 2018, Playground Equipment 2017, Pictometry 2020"
-75.0966273719279,39.9906881809255,170,Bernard Samuel Playground,5_12_YEARS,,,"Cyclomedia 2018, Playground Equipment 2017, Pictometry 2020"
-75.1975657794585,39.936451673334,171,Jacob Stinger Park,5_12_YEARS,,,"Cyclomedia 2018, Playground Equipment 2017, Pictometry 2020"
-75.1549550378223,39.9635069210303,172,10th and Lemon Playground,UNKNOWN,,,"Cyclomedia 2018, Playground Equipment 2017"
-75.1928910514338,39.9375486121001,173,Donald P Finnegan Recreation Center,5_12_YEARS,2017/01/01 00:00:00+00,,"Cyclomedia 2018, Playground Equipment 2017, Pictometry 2020"
-75.1726676480677,39.9165183953549,174,Marconi Plaza,5_12_YEARS,,On the Northwest Side,"Cyclomedia 2018, Playground Equipment 2017, Pictometry 2020"
-75.1346945572285,39.9826237092782,175,Norris Square,5_12_YEARS,,,"Cyclomedia 2018, Playground Equipment 2017, Pictometry 2020"
-75.2501754765478,39.9691130431019,176,William T Granahan Playground,5_12_YEARS,2020/11/01 00:00:00+00,,"Capital and Communications 2020, NearMap2021"
-75.1656928775689,40.0536721644427,177,Awbury Park and Recreation Center,5_12_YEARS,,,"Cyclomedia 2018, Playground Equipment 2017"
-75.1771515683954,40.0516014568484,178,Cliveden Park,5_12_YEARS,,,"Cyclomedia 2018, Playground Equipment 2017, Pictometry 2020"
-75.1085341129109,40.0014167858753,179,Joseph A Scanlon Playground,UNKNOWN,,,"Pictometry 2020, Playground Equipment 2017"
-75.0540362468573,40.0261294311156,180,Franklin Delano Roosevelt Playground,5_12_YEARS,2020/10/01 00:00:00+00,Installed during Renovations in 10/2020,NearMap 2021
-75.1514373183259,39.9277243497461,181,John Dickinson Square,5_12_YEARS,,,"Google Street View 2018, Pictometry 2020"
-75.2285796810518,39.9754028536666,182,Conestoga Community Playground,5_12_YEARS,2016/10/01 00:00:00+00,,NearMap 2021
-75.0987858036903,39.997689463371,183,Robert T Heitzman Recreation Center,5_12_YEARS,,,"Pictometry 2020, Playground Equipment 2017"
-75.0935764508442,40.0300176785518,184,Edward Houseman Playground,5_12_YEARS,,,"Cyclomedia 2018, Pictometry 2020"
-75.1657310635481,40.0239109958025,185,Happy Hollow Recreation Center,5_12_YEARS,,,"Cyclomedia 2018, Playground Equipment 2017, NearMap2021"
-75.1570397670577,39.9228930598243,186,James Otis Ford Playground,5_12_YEARS,2016/01/01 00:00:00+00,,"Cyclomedia 2018, Playground Equipment 2017"
-75.1524419409755,39.9426444819429,187,Starr Garden Playground,5_12_YEARS,,,"Cyclomedia 2018, Pictometry 2020"
-75.2134908986814,39.9306560266241,188,Bartrams Garden,UNKNOWN,,,Street Smart 2020
-75.0337305686579,40.1001709143942,189,William A Lackman Memorial Playground,5_12_YEARS,2014/01/01 00:00:00+00,,"Capital Data 2019, Pictometry 2020"
-75.1958103641836,39.9672723323999,190,Miles Mack Playground,5_12_YEARS,2021/03/01 00:00:00+00,Rebuild renovations in 2021,NearMap2021
-75.216482788536,39.9712550667543,191,Sister Clara Muhammad Square,5_12_YEARS,2010/01/01 00:00:00+00,,"Capital Data 2019, Pictometry 2020"
-75.2307159936833,39.9234254932314,192,George Connell Park,5_12_YEARS,,,"Cyclomedia 2018, Playground Equipment 2017, Pictometry 2020"
-75.2297150079051,39.9634969547277,193,Ann P Nichols Park,5_12_YEARS,2017/01/01 00:00:00+00,,NearMap 2021
-75.2481975945122,39.9082693426318,194,William A Cibotti Recreation Center,5_12_YEARS,2020/08/01 00:00:00+00,,NearMap 2021
-75.1593180976964,39.9342275999501,195,Dr Nicola Capitolo Playground,5_12_YEARS,2019/04/01 00:00:00+00,,"Pictometry 2020; Capital Drawings (2019)"
-75.1869107767414,39.9258310588989,196,Thomas B Smith Recreation Center,5_12_YEARS,2018/01/01 00:00:00+00,,"Capital Data 2019, Pictometry 2020"
-75.1907595260522,39.9649033226891,197,33rd and Wallace Playground,5_12_YEARS,,,"Cyclomedia 2018, Playground Equipment 2017, Pictometry 2020"
-75.1697610596748,40.0655069715485,198,Charles M Finley Playground,5_12_YEARS,2018/01/01 00:00:00+00,,"Google Street View 2018, Capital Data 2019, Pictometry 2020"
-75.2104582846483,39.9618441517971,199,John A Lee Cultural Center,5_12_YEARS,,,"Pictometry 2020, Playground Equipment 2017"
-75.1675996189873,39.9942366242076,200,Cecil B Moore Recreation Center,5_12_YEARS,2018/01/01 00:00:00+00,,"Capital Data 2019, Pictometry 2020"
-75.1284443251198,39.9718381587555,201,Fishtown Recreation Center,2_5_YEARS,2020/01/01 00:00:00+00,Redeveloped through Rebuild (2019-2020),"Pictometry 2020;Rebuild Construction Updates 2020"
-75.0934139292111,40.0221004157621,202,Private Alfred J Simpson Memorial Recreation Center,5_12_YEARS,2020/01/01 00:00:00+00,Renovated in 2020,"Pictometry 2020;Street Smart 2020"
-75.0418562048145,40.0321953748848,203,Senator William Vincent Mullin Playground,5_12_YEARS,,,"Cyclomedia 2018, Playground Equipment 2017, Pictometry 2020"
-75.1332225042414,40.0025780259334,204,Corporal George J Reed Jr Memorial Playground,2_5_YEARS,2019/05/01 00:00:00+00,,NearMap 2021
-75.1599161654954,40.0321298259844,205,Wister Playground,5_12_YEARS,2016/01/01 00:00:00+00,,"Capital Data 2019, Pictometry 2020"
-75.0515507498782,40.0922952517688,206,CCA Baldi School Playground,5_12_YEARS,,,"Pictometry 2020, Playground Equipment 2017"
-75.2390760174365,39.9566474671336,207,Howard Sayre Morris Recreation Center,5_12_YEARS,,,"Cyclomedia 2018, Playground Equipment 2017"
-75.2282442477752,39.9349248118025,208,Francis J Myers Recreation Center,5_12_YEARS,,,"Cyclomedia 2018, Playground Equipment 2017, Pictometry 2020"
-75.1655715518693,40.0065423634067,209,22nd and Ontario Park,5_12_YEARS,,,"Cyclomedia 2018, Playground Equipment 2017, Pictometry 2020"
-75.06959250876,40.0242311757722,210,Wissinoming Park,UNKNOWN,2018/01/01 00:00:00+00,,NearMap 2021
-75.0076998530554,40.1231205913992,211,Daniel Boyle Memorial Recreation Center,5_12_YEARS,,,"Pictometry 2020; GIS Field Verified 2020"
-75.1521120545584,39.9862524245436,212,Penrose Memorial Playground,5_12_YEARS,,,"Cyclomedia 2018, Playground Equipment 2017, Pictometry 2020"
-74.9929836836587,40.0418751130629,213,Fish Hatchery at Pleasant Hill Park,5_12_YEARS,,,"Pictometry 2020, Playground Equipment 2017"
-75.2159186086897,39.9660813219399,214,Mill Creek Playground and Recreation Center,5_12_YEARS,2014/01/01 00:00:00+00,,"Cyclomedia 2018, Playground Equipment 2017, Pictometry 2020"
-75.1512095663576,39.9662974776816,215,East Poplar Playground,2_5_YEARS,2021/10/01 00:00:00+00,Installed during 2021 Renovations.,Capital Drawings 2021.
-75.2168782433338,39.9424473587604,216,Kingsessing Recreation Center,5_12_YEARS,,,"Cyclomedia 2018, Playground Equipment 2017, Pictometry 2020"
-75.1460243838729,39.9895175139085,217,Veterans Memorial Recreation Center of the Nineteenth Ward,5_12_YEARS,2013/01/01 00:00:00+00,,"Capital Data 2019, Pictometry 2020"
-75.1210198220514,40.0217028955394,218,Feltonville Recreation Center,5_12_YEARS,,,"Cyclomedia 2018, Playground Equipment 2017, Pictometry 2020"
-75.091801925408,40.0119121682411,219,Joseph Deni Recreation Center,2_5_YEARS,,,"Cyclomedia 2018, Playground Equipment 2017, Pictometry 2020"
-75.1818781017793,39.9687762023139,220,26th and Pennsylvania Playground,UNKNOWN,,,"Cyclomedia 2018, Playground Equipment 2017, Pictometry 2020"
-75.2150402347204,39.9918137004081,221,Belmont Grove,5_12_YEARS,,,"Cyclomedia 2018, Playground Equipment 2017, Pictometry 2020"
-75.2126049913747,39.9784378318954,222,Carousel House Recreation Center,5_12_YEARS,,,"Pictometry 2020, Cyclomedia 2018, Playground Equipment 2017"
-75.0208129997223,40.0384978937791,223,Torresdale and Enfield Fields,5_12_YEARS,,,"Google Street View 2018, Playground Equipment 2017"
-75.1703716502153,40.0164677906322,224,Fernhill Park,UNKNOWN,,,"Pictometry 2020, Playground Equipment 2017"
-75.150847914177,39.98964079541,225,Stephen E Fotteral Square,5_12_YEARS,,,"Cyclomedia 2018, Playground Equipment 2017"
-75.0246199332594,40.1143190937043,226,Tomlinson and Gifford Playground,2_5_YEARS,2020/01/01 00:00:00+00,Installed between 2019 and 2020,"Pictometry 2020, Rebuild Construction Update 2020"
-75.2073080614601,39.9788213893521,227,West Fairmount Park,UNKNOWN,,Next to Kelly Pool,"Cyclomedia 2018, Pictometry 2020"
-75.1875507801681,39.9731900681171,228,East Fairmount Park,UNKNOWN,,Between Sedgley Porter's House and Lemon Hill,"Cyclomedia 2018, Playground Equipment 2017, Pictometry 2020"
-75.1873724194668,39.9891466849118,229,Joseph E Mander Playground,5_12_YEARS,2016/01/01 00:00:00+00,,"Capital Data 2019, Pictometry 2020"
-75.2555577414159,39.9744155022608,230,Charles A Papa Playground,5_12_YEARS,2015/01/01 00:00:00+00,,"Capital Data 2019, Pictometry 2020"
-75.2262666449686,39.9826230875729,231,Parkside Evans Recreation Center,5_12_YEARS,,,"Cyclomedia 2018, Playground Equipment 2017, Pictometry 2020"
-75.2598754807661,39.9728240267115,232,Samuel Rose Recreation Center,5_12_YEARS,,,"Cyclomedia 2018, Playground Equipment 2017, Pictometry 2020"
-75.1763837524587,39.9636333089655,233,Von Colln Field,2_12_YEARS,2018/01/01 00:00:00+00,,"Capital Data 2019, Pictometry 2020"
-75.0667836255178,40.0809288457306,234,Verree and Susquehanna Playground,5_12_YEARS,,,"Pictometry 2020, Playground Equipment 2017"
-75.2384321943546,39.940621489952,235,Whitby Avenue Playground,5_12_YEARS,,,"Cyclomedia 2018, Playground Equipment 2017, Pictometry 2020"
-75.1755356284173,39.9566842802111,236,Coxe Park,2_5_YEARS,,,Street Smart 2020
-75.1489392117269,40.0397657223049,237,Fanny Kemble Abolitionist Memorial Park,5_12_YEARS,,,"Cyclomedia 2018, Playground Equipment 2017, Pictometry 2020"
-75.1957170584377,40.0090819602494,238,Inn Yard Park,UNKNOWN,,,"Pictometry 2020, Cyclomedia 2018, Playground Equipment 2017"
-75.1628581117542,39.9727445527793,239,Stiles Street Play Lot,5_12_YEARS,,,Street Smart 2020
-75.1956922082511,39.9814640321611,240,Smith Memorial Playground and Playhouse,2_12_YEARS,,,"Pictometry 2020, Playground Equipment 2017"
-75.1776230009895,39.9313612251772,241,Ralph Brooks Park,2_12_YEARS,2015/01/01 00:00:00+00,,"Capital Data 2019, Pictometry 2020"
-75.0074970075443,40.1230106170169,242,Daniel Boyle Memorial Recreation Center,2_5_YEARS,,,"Pictometry 2020; GIS Field Verified 2020"
-74.9698842918469,40.1028681072158,243,Jim Junod Recreation Center,2_5_YEARS,2012/01/01 00:00:00+00,,"Capital Data 2019, Pictometry 2020"
-75.0244879543212,40.1145124102219,244,Tomlinson and Gifford Playground,5_12_YEARS,2020/01/01 00:00:00+00,Installed between 2019 and 2020,"Pictometry 2020, Rebuild Construction Update 2020"
-74.9717436632148,40.0964836750076,245,Eileen Fitzpatrick Playground,2_5_YEARS,,,"Pictometry 2020, Playground Equipment 2017"
-74.9896057768828,40.095014884249,246,Michael Palmer Playground,2_5_YEARS,2018/01/01 00:00:00+00,,"Capital Data 2019, Pictometry 2020"
-74.9891960245704,40.0807754190309,247,Elizabeth M Picariello Playground,2_5_YEARS,2010/01/01 00:00:00+00,,"Capital Data 2019, Pictometry 2020"
-74.9742670302927,40.0794936358569,248,Corporal Jimmy OConnor Memorial Playground,2_5_YEARS,2012/01/01 00:00:00+00,Formerly Chalfont Playground,Pictometry 2021
-75.0207818807811,40.0918414954948,249,Officer Robert Hayes Memorial Playground,2_5_YEARS,2020/01/01 00:00:00+00,Installed between 2019 and 2020.,"NearMap2021, Rebuild Construction Updates 2020, Capital Drawings"
-74.9918853499368,40.0680889260555,250,Thomas Mitchell Playground,2_5_YEARS,2012/01/01 00:00:00+00,,"Capital Data 2019, Pictometry 2020"
-75.0338014700913,40.100051719099,251,William A Lackman Memorial Playground,2_5_YEARS,2014/01/01 00:00:00+00,,"Capital Data 2019, Pictometry 2020"
-75.0515367400775,40.0921792980543,252,CCA Baldi School Playground,2_5_YEARS,,,"Pictometry 2020, Playground Equipment 2017"
-75.0673109892457,40.0806571250478,253,Verree and Susquehanna Playground,2_5_YEARS,,,"Pictometry 2020, Playground Equipment 2017"
-75.0823777369154,40.0745683651852,254,Fox Chase Recreation Center,2_5_YEARS,,,"Pictometry 2020, Playground Equipment 2017"
-75.0504564036826,40.0621948837066,255,George C Pelbano Playground,2_5_YEARS,,No Signage. Has a Fence. Swings and Playground Equipment.,"Pictometry 2020; GIS Field Verified 9/2020"
-75.0117968259344,40.056254091575,256,Thomas Holme School Playground,2_5_YEARS,2015/01/01 00:00:00+00,,"Capital Data 2019, Pictometry 2020"
-75.0024886547919,40.0522643934671,257,George Jacobs Playground,2_5_YEARS,,,"Pictometry 2020, Playground Equipment 2017"
-74.9931426203982,40.0420858658673,258,Fish Hatchery at Pleasant Hill Park,2_5_YEARS,,,"Pictometry 2020, Playground Equipment 2017"
-75.0245212126538,40.0481605220755,259,James J Ramp Playground,2_5_YEARS,,,"On-Site Assessment, Pictometry 2020"
-75.0208097803548,40.0385950486094,260,Torresdale and Enfield Fields,2_5_YEARS,,,"Street Smart 2020; Pictometry 2020"
-75.026648815198,40.0359796820679,261,Holmesburg Recreation Center,2_5_YEARS,,,"Pictometry 2020, Playground Equipment 2017"
-75.0345160790282,40.0299254575374,262,Charles A Russo Playground,2_5_YEARS,2012/01/01 00:00:00+00,,"Capital Data 2019, Pictometry 2020"
-75.0421092216299,40.0321500845671,263,Senator William Vincent Mullin Playground,2_5_YEARS,,,"Cyclomedia 2018, Playground Equipment 2017, Pictometry 2020"
-75.0496204082297,40.0281052017422,264,Joseph F Vogt Playground,2_5_YEARS,2008/01/01 00:00:00+00,,"Capital Data 2019, Pictometry 2020"
-75.0612334037611,40.0290633063445,265,Lower Mayfair Playground,2_5_YEARS,,,"Cyclomedia 2018, Playground Equipment 2017, Pictometry 2020"
-75.0539656112069,40.026042171478,266,Franklin Delano Roosevelt Playground,2_5_YEARS,2020/10/01 00:00:00+00,Installed during Renovations in 10/2020,NearMap 2021
-75.0543139177021,40.0186501903121,267,American Legion Playground,2_5_YEARS,2016/01/01 00:00:00+00,,"Capital Data 2019, Pictometry 2020"
-75.0627765690273,40.016110428061,268,Victor J Moss Memorial Field,2_5_YEARS,2019/10/01 00:00:00+00,Installed during renovations 10/2019,"Pictometry 2020,Capital Drawings"
-75.0528712401808,40.0393370493819,269,Mayfair Recreation Center,5_12_YEARS,,,"Pictometry 2020, Playground Equipment 2017"
-75.0799779539464,40.0240998020184,270,Joseph C McIlvain Playground,2_5_YEARS,,,"Google Street View 2018, Pictometry 2020"
-75.0766587216297,40.0564055382632,271,Thomas E Jardel Memorial Field,5_12_YEARS,,,"Pictometry 2020, Playground Equipment 2017"
-75.0819272493929,40.0406861238511,272,Seymour Tarken Recreation Center,5_12_YEARS,,,"Pictometry 2020, Playground Equipment 2017"
-75.093723823846,40.029897120144,273,Edward Houseman Playground,2_5_YEARS,,,"Cyclomedia 2018, Pictometry 2020"
-75.10082297081,40.0458529901326,274,Lawncrest Recreation Center,2_5_YEARS,,,"Pictometry 2020, Playground Equipment 2017"
-75.0766404072726,40.0143963396992,275,William (Billy) Gambrel Playground,2_5_YEARS,2009/01/01 00:00:00+00,,"Capital Data 2019, Pictometry 2020"
-75.0830320926828,40.0140315164298,276,Hedge Street Park,2_5_YEARS,,,"Pictometry 2020, Playground Equipment 2017"
-75.0734232537583,40.0111284707435,277,Carmella A DiTizio Playground,2_5_YEARS,2020/08/01 00:00:00+00,Installed during renoations 8/2021,NearMap 2021
-75.0671295483816,39.9996794082638,278,Bridesburg Recreation Center,2_5_YEARS,2015/01/01 00:00:00+00,,"Capital Data 2019, Pictometry 2020"
-75.0987625046483,39.9979368603336,279,Robert T Heitzman Recreation Center,2_5_YEARS,,,"Pictometry 2020, Playground Equipment 2017"
-75.1235034718775,39.9944390401347,280,Marian Winfield Hissey Recreation Center,2_5_YEARS,2016/01/01 00:00:00+00,,"Capital Data 2019, Pictometry 2020"
-75.0966945883666,39.9907631295521,281,Bernard Samuel Playground,2_5_YEARS,,,"Cyclomedia 2018, Playground Equipment 2017, Pictometry 2020"
-75.1013376073198,39.9866140690212,282,Frank Glavin Playground,2_5_YEARS,,,"Cyclomedia 2018, Playground Equipment 2017, Pictometry 2020"
-75.1007415581084,39.9831713485612,283,Reverend M Monkiewicz Recreation Center,2_5_YEARS,,,"Cyclomedia 2018, Playground Equipment 2017, Pictometry 2020"
-75.1072015621306,39.9821909698634,284,Thomas P Stokley Recreation Center,2_5_YEARS,2014/01/01 00:00:00+00,,"Capital Data 2019, Pictometry 2020"
-75.1125840323082,39.984041811817,285,Cohocksink Recreation Center,2_5_YEARS,,,"Cyclomedia 2018, Playground Equipment 2017, Pictometry 2020"
-75.1179941182692,39.9815173528297,286,Frederick Cione Playground,2_5_YEARS,2016/01/01 00:00:00+00,,"Capital Data 2019, Pictometry 2020"
-75.1238118667023,39.9840747697198,287,Black Coyle and McBride Playground,2_5_YEARS,,,"Cyclomedia 2018, Playground Equipment 2017, Pictometry 2020"
-75.1323202565962,39.9773287585524,288,Dan Shissler Recreation Center,5_12_YEARS,,,"Cyclomedia 2018, Playground Equipment 2017, Pictometry 2020"
-75.1285867837201,39.9717792127678,289,Fishtown Recreation Center,5_12_YEARS,2020/01/01 00:00:00+00,Redeveloped through Rebuild (2019-2020),"Pictometry 2020;Rebuild Construction Updates 2020"
-75.0934300586678,40.0219734626528,290,Private Alfred J Simpson Memorial Recreation Center,2_5_YEARS,2020/01/01 00:00:00+00,Renovated in 2020,"Pictometry 2020;Street Smart 2020"
-75.0968748652992,40.0131021513219,291,Boniface Piccoli Playground,2_5_YEARS,2017/01/01 00:00:00+00,,"Capital Data 2019, Pictometry 2020"
-75.0973128054553,40.0128432554799,292,Boniface Piccoli Playground,2_5_YEARS,2017/01/01 00:00:00+00,,"Capital Data 2019, Pictometry 2020"
-75.0917571612549,40.0117251804078,293,Joseph Deni Recreation Center,5_12_YEARS,,,"Cyclomedia 2018, Playground Equipment 2017, Pictometry 2020"
-75.1174816035008,40.042362601212,294,Olney Recreation Center,2_5_YEARS,,,"Cyclomedia 2018, Playground Equipment 2017, Pictometry 2020"
-75.1237175956424,40.0493938482817,295,Helen G Sturgis Playground,2_5_YEARS,,,"Cyclomedia 2018, Playground Equipment 2017, Pictometry 2020"
-75.1178951576922,40.0342592603523,296,Charles J Ziehler Playground,2_5_YEARS,,,"Cyclomedia 2018, Playground Equipment 2017, Pictometry 2020"
-75.1310197133642,40.0432002110451,297,Fisher Park,2_5_YEARS,,,"Google Street View 2018, Playground Equipment 2017, Pictometry 2020"
-75.1371452000872,40.0386131560642,298,A Albert Cherashore Playground,2_5_YEARS,,,"Cyclomedia 2018, Playground Equipment 2017, Pictometry 2020"
-75.1353657135295,40.0312322956898,299,John L Barrett Playground,2_5_YEARS,,,"Pictometry 2020, Playground Equipment 2017"
-75.1414925525409,40.0163735186102,300,Hunting Park,5_12_YEARS,,In the eastern side of the park just north of the pickleball court,"Cyclomedia 2018, Playground Equipment 2017, Pictometry 2020"
-75.146051692073,40.0169379387091,301,Hunting Park,UNKNOWN,,In the western side of the park near the community garden,"Cyclomedia 2018, Playground Equipment 2017, Pictometry 2020"
-75.1464049043554,40.0507340979097,302,Morris Estate Cultural Center,2_5_YEARS,,,"Cyclomedia 2018, Playground Equipment 2017, Pictometry 2020"
-75.1600021782431,40.0319482018922,303,Wister Playground,2_5_YEARS,2016/01/01 00:00:00+00,,"Capital Data 2019, Pictometry 2020"
-75.1655647518932,40.0238405031985,304,Happy Hollow Recreation Center,2_5_YEARS,,,"Cyclomedia 2018, Playground Equipment 2017, NearMap2021"
-75.1104584233857,40.0340764128313,305,Garland and Bingham Fields,2_5_YEARS,,,"Cyclomedia 2018, Playground Equipment 2017, Pictometry 2020"
-75.1212289022959,40.0217486860479,306,Feltonville Recreation Center,2_5_YEARS,,,"Cyclomedia 2018, Playground Equipment 2017, Pictometry 2020"
-75.2316573487014,40.0685425258175,307,Samuel F Houston Playground,2_5_YEARS,,,"Cyclomedia 2018, Playground Equipment 2017, Pictometry 2020"
-75.1751752436743,40.0817780658282,308,Dorothy Emanuel Recreation Center,2_5_YEARS,,,"Cyclomedia 2018, Playground Equipment 2017, Pictometry 2020"
-75.1824743347747,40.0569561331918,309,Pleasant Playground,2_5_YEARS,,,"Cyclomedia 2018, Playground Equipment 2017, Pictometry 2020"
-75.1876346078809,40.0576802362899,310,Mount Airy Playground,2_5_YEARS,,,"Pictometry 2020, Playground Equipment 2017"
-75.2037158492299,40.0513668797888,311,Allens Lane Art Center,2_5_YEARS,,,"Pictometry 2020, Playground Equipment 2017"
-75.2282883106612,40.0418549175716,312,Joseph V Kelly Memorial Playground,2_5_YEARS,,,"Google Street View 2018, Playground Equipment 2017, Pictometry 2020"
-75.2289801159086,40.0339874315308,313,Hillside Recreation Center,2_5_YEARS,,Next to Recreation Center,"Cyclomedia 2018, Playground Equipment 2017, NearMap2021"
-75.230665826987,40.0330757766278,314,Hillside Recreation Center,2_5_YEARS,,On the Southwest Corner,"Cyclomedia 2018, Playground Equipment 2017, NearMap2021"
-75.211611230664,40.0290171408538,315,W Freeland Kendrick Recreation Center,2_5_YEARS,,,"Google Street View 2018, Playground Equipment 2017, Pictometry 2020"
-75.2206850425066,40.025455711282,316,Pretzel Park,2_5_YEARS,2019/03/01 00:00:00+00,,"Capital 2020; Pictometry 2020"
-75.2033534207699,40.0227073200466,317,David P Montgomery Field,2_5_YEARS,,,"Google Street View 2018, Playground Equipment 2017, Pictometry 2020"
-75.1574066908707,40.061374937528,318,William B Simons Recreation Center,2_5_YEARS,,,"Pictometry 2020, Playground Equipment 2017"
-75.1659446615157,40.0535855696419,319,Awbury Park and Recreation Center,2_5_YEARS,,,"Cyclomedia 2018, Playground Equipment 2017"
-75.1595800850533,40.0501557091593,320,Lonnie Young Recreation Center of East Germantown,2_5_YEARS,,,"Cyclomedia 2018, Playground Equipment 2017, Pictometry 2020"
-75.1688499626903,40.0453413766033,321,Waterview Recreation Center,2_5_YEARS,,,"Cyclomedia 2018, Playground Equipment 2017, Pictometry 2020"
-75.174570857319,40.0395361871462,322,Morton Playground,2_5_YEARS,,,"Cyclomedia 2018, Playground Equipment 2017, Pictometry 2020"
-75.1768506691258,40.0362306832826,323,Vernon Park,2_5_YEARS,,,"Pictometry 2020, Playground Equipment 2017"
-75.1877053493249,40.0087886577862,324,Harry S McDevitt Playground,2_5_YEARS,2013/01/01 00:00:00+00,,"Capital Data 2019, Pictometry 2020"
-75.1562298708603,40.0425758827891,325,Belfield Recreation Center,2_5_YEARS,,,"Cyclomedia 2018, Playground Equipment 2017, Pictometry 2020"
-75.1489728059289,40.0396580130743,326,Fanny Kemble Abolitionist Memorial Park,2_5_YEARS,,,"Cyclomedia 2018, Playground Equipment 2017, Pictometry 2020"
-75.2005045713429,40.0755718213402,327,Water Tower Recreation Center,2_5_YEARS,,,"Cyclomedia 2018, Playground Equipment 2017, Pictometry 2020"
-75.1771961568491,40.0515708678345,328,Cliveden Park,2_5_YEARS,,,"Cyclomedia 2018, Playground Equipment 2017, Pictometry 2020"
-75.1798946135747,40.0477944163429,329,Daniel E Rumph II Recreation Center,2_5_YEARS,,,"Cyclomedia 2018, Playground Equipment 2017, Pictometry 2020"
-75.1746965090611,40.0021091535906,330,James Allen Shuler Playground,2_5_YEARS,,,"Cyclomedia 2018, Playground Equipment 2017, Pictometry 2020"
-75.1798606175415,39.9979526451918,331,29th and Chalmers Playground,2_5_YEARS,2010/01/01 00:00:00+00,,"Capital Data 2019, Pictometry 2020"
-75.1755181509585,39.987359432169,332,Eric W (Hank) Gathers Jr Recreation Center,2_5_YEARS,,,"Cyclomedia 2018, Playground Equipment 2017, Pictometry 2020"
-75.1614168555222,40.0064455011922,333,Jerome Brown Playground,2_5_YEARS,,,"Cyclomedia 2018, Playground Equipment 2017, Pictometry 2020"
-75.1658592353719,40.0018511615657,334,Vincent G Panati Playground,2_5_YEARS,2015/01/01 00:00:00+00,,"Capital Data 2019, Pictometry 2020"
-75.1673742844734,39.9941714793759,335,Cecil B Moore Recreation Center,2_5_YEARS,2018/01/01 00:00:00+00,,"Capital Data 2019, Pictometry 2020"
-75.1717254788572,39.9821770814425,336,Montgomery and Croskey Play Lot,2_5_YEARS,,,"Cyclomedia 2018, Playground Equipment 2017, Pictometry 2020"
-75.1697195929352,39.9807380227564,337,Dr Martin Luther King Jr Recreation Center,2_5_YEARS,2014/01/01 00:00:00+00,,"Capital Data 2019, Pictometry 2020"
-75.1558046907802,40.0005081344086,338,Heritage Park Playground,2_5_YEARS,,,"Cyclomedia 2018, Playground Equipment 2017, Pictometry 2020"
-75.157571052329,39.988789664427,339,Marie Winchester Playground,2_5_YEARS,,,"Cyclomedia 2018, Playground Equipment 2017, Pictometry 2020"
-75.160319020666,39.9817745149932,340,Fletcher B Amos Playground,2_5_YEARS,2013/01/01 00:00:00+00,,"Capital Data 2019, Pictometry 2020"
-75.1495334887572,39.996801496677,341,12th and Cambria Playground,2_5_YEARS,2011/01/01 00:00:00+00,,"Capital Data 2019, Pictometry 2020"
-75.1460421611176,39.989407927805,342,Veterans Memorial Recreation Center of the Nineteenth Ward,2_5_YEARS,2013/01/01 00:00:00+00,,"Capital Data 2019, Pictometry 2020"
-75.1518774683661,39.9862213803778,343,Penrose Memorial Playground,2_5_YEARS,,,"Cyclomedia 2018, Playground Equipment 2017, Pictometry 2020"
-75.1379230489683,40.0007746999961,344,Ramonita Negron Rivera Recreation and Community Center,2_5_YEARS,2019/05/01 00:00:00+00,,NearMap 2021
-75.1390057203049,39.9906110779884,345,Fairhill Square,2_5_YEARS,2017/01/01 00:00:00+00,,"Capital Data 2019, Pictometry 2020"
-75.1382974509137,39.9891791133481,346,Frank S Nelson Jr Memorial Recreation Center,2_5_YEARS,2020/01/01 00:00:00+00,Installed between 2019-2020.,Pictometry 2020
-75.1292646225795,40.0019597047439,347,John (Steve) Schmidt Playground,2_5_YEARS,,,"Cyclomedia 2018, Playground Equipment 2017, Pictometry 2020"
-75.1328314002863,39.9884993417804,348,Waterloo Playground,2_5_YEARS,2021/10/01 00:00:00+00,"2021 Renovation, moved to this location.","NearMap 2021, Capital Drawings 2021"
-75.1349872614807,39.9825068892416,349,Norris Square,2_5_YEARS,,,"Cyclomedia 2018, Playground Equipment 2017, Pictometry 2020"
-75.2082853590978,40.002381523161,350,Woodside Park,2_5_YEARS,2010/01/01 00:00:00+00,,"Capital Data 2019, Pictometry 2020"
-75.1878157576346,39.988962053805,351,Joseph E Mander Playground,2_5_YEARS,2016/01/01 00:00:00+00,,"Capital Data 2019, Pictometry 2020"
-75.1990860789163,39.9735853080929,352,Clayborne and Lewis Playground,2_5_YEARS,2004/01/01 00:00:00+00,,"Capital Data 2019, Pictometry 2020"
-75.2005346523913,39.9658764803438,353,Norman (Butch) Ellis Playground,2_5_YEARS,,,"Cyclomedia 2018, Playground Equipment 2017, Pictometry 2020"
-75.1957208440356,39.9672795199565,354,Miles Mack Playground,2_5_YEARS,2021/03/01 00:00:00+00,Rebuild renovations in 2021,NearMap2021
-75.1905442291553,39.9650671826514,355,33rd and Wallace Playground,2_5_YEARS,,,"Cyclomedia 2018, Playground Equipment 2017, Pictometry 2020"
-75.178167362378,39.978247421932,356,Athletic Recreation Center,2_5_YEARS,,,"Cyclomedia 2018, Playground Equipment 2017, Pictometry 2020"
-75.1666944289962,39.9688221306439,357,Francisville Recreation Center,2_5_YEARS,2012/01/01 00:00:00+00,,"Capital Data 2019, Pictometry 2020"
-75.1675887941267,39.9655702673435,358,Roberto Clemente Playground,2_5_YEARS,2011/01/01 00:00:00+00,,"Capital Data 2019, Pictometry 2020"
-75.1835428253994,39.9481274231297,359,William H (Billy) Markward Memorial Playground,2_5_YEARS,2017/01/01 00:00:00+00,,"Capital Data 2019, Pictometry 2020"
-75.179362105252,39.9423075698804,360,22nd and Catharine Park,2_5_YEARS,,Looks like Non-PPR Equipment,"Cyclomedia 2018, Playground Equipment 2017, Pictometry 2020"
-75.1713646942886,39.9421155126006,361,Marian Anderson Recreation Center,2_5_YEARS,2018/01/01 00:00:00+00,,"Capital Data 2019, Pictometry 2020"
-75.2318960873511,39.9835536911541,362,Triangle Park,5_12_YEARS,2014/01/01 00:00:00+00,,"Pictometry 2020, Playground Equipment 2017"
-75.2411023033799,39.9820026888216,363,Ernest L Tustin Recreation Center,2_5_YEARS,,,"Cyclomedia 2018, Playground Equipment 2017, Pictometry 2020"
-75.256229400628,39.9743843300739,364,Charles A Papa Playground,2_5_YEARS,2015/01/01 00:00:00+00,,"Capital Data 2019, Pictometry 2020"
-75.2601639605939,39.9729197373523,365,Samuel Rose Recreation Center,2_5_YEARS,,,"Cyclomedia 2018, Playground Equipment 2017, Pictometry 2020"
-75.228087110321,39.9753834477809,366,Conestoga Community Playground,2_5_YEARS,2016/10/01 00:00:00+00,,NearMap 2021
-75.2344718634119,39.9671596230333,367,Haddington-Marshall L Shepard Sr Recreation Center,2_5_YEARS,,,"Pictometry 2020, Playground Equipment 2017"
-75.2390331425948,39.9565199462573,368,Howard Sayre Morris Recreation Center,2_5_YEARS,,,"Cyclomedia 2018, Playground Equipment 2017"
-75.2295676713022,39.9635166332757,369,Ann P Nichols Park,2_5_YEARS,2017/01/01 00:00:00+00,,NearMap 2021
-75.2344650014337,39.948985705572,370,Albert W Christy Sr Recreation Center,2_5_YEARS,2017/01/01 00:00:00+00,,"Capital Data 2019, Pictometry 2020"
-75.2226115796721,39.9670227793817,371,West Mill Creek,2_5_YEARS,2014/01/01 00:00:00+00,,"Capital Data 2019, Pictometry 2020"
-75.2257628897276,39.9528330298912,372,Malcolm X Memorial Park,5_12_YEARS,,,"Cyclomedia 2018, Playground Equipment 2017, Pictometry 2020"
-75.2164775278269,39.9711727523314,373,Sister Clara Muhammad Square,2_5_YEARS,2010/01/01 00:00:00+00,,"Capital Data 2019, Pictometry 2020"
-75.2155633487788,39.9659561109027,374,Mill Creek Playground and Recreation Center,2_5_YEARS,2014/01/01 00:00:00+00,,"Cyclomedia 2018, Playground Equipment 2017, Pictometry 2020"
-75.2102061441064,39.9617603787975,375,John A Lee Cultural Center,2_5_YEARS,,,"Pictometry 2020, Playground Equipment 2017"
-75.2095734861503,39.9478678528845,376,Clarence H Clark Park,2_5_YEARS,,,"Cyclomedia 2018, Playground Equipment 2017, Pictometry 2020"
-75.2099479193246,39.9422365871743,377,48th and Woodland Playground,2_5_YEARS,,,"Cyclomedia 2018, Playground Equipment 2017, Pictometry 2020"
-75.2171552443643,39.9422446455821,378,Kingsessing Recreation Center,2_5_YEARS,,,"Cyclomedia 2018, Playground Equipment 2017, Pictometry 2020"
-75.2383513672199,39.9408979192556,379,Whitby Avenue Playground,2_5_YEARS,,,"Cyclomedia 2018, Playground Equipment 2017, Pictometry 2020"
-75.2279640027784,39.9349663274868,380,Francis J Myers Recreation Center,2_5_YEARS,,,"Cyclomedia 2018, Playground Equipment 2017, Pictometry 2020"
-75.2305740912171,39.9236202389985,381,George Connell Park,2_5_YEARS,,,"Cyclomedia 2018, Playground Equipment 2017, Pictometry 2020"
-75.2288773777486,39.9148806933256,382,J Francis Finnegan Playground,2_5_YEARS,2017/01/01 00:00:00+00,On the Eastern Side,"Capital Data 2019, Pictometry 2020"
-75.232253048108,39.9150578555832,383,J Francis Finnegan Playground,2_5_YEARS,2017/01/01 00:00:00+00,Next to Recreation Center,"Capital Data 2019, Pictometry 2020"
-75.2482486633602,39.9081354289711,384,William A Cibotti Recreation Center,2_5_YEARS,2020/08/01 00:00:00+00,,NearMap 2021
-75.2501857450165,39.9051533702167,385,Eastwick Regional Playground,2_5_YEARS,,,"Cyclomedia 2018, Playground Equipment 2017, Pictometry 2020"
-75.2373488554302,39.9058163577157,386,Eastwick Park,2_5_YEARS,,,"Cyclomedia 2018, Playground Equipment 2017, Pictometry 2020"
-75.1976329388354,39.9363546194576,387,Jacob Stinger Park,2_5_YEARS,,,"Cyclomedia 2018, Playground Equipment 2017, Pictometry 2020"
-75.1932875071012,39.9377366999166,388,Donald P Finnegan Recreation Center,2_5_YEARS,2017/01/01 00:00:00+00,,"Cyclomedia 2018, Playground Equipment 2017, Pictometry 2020"
-75.1889804083056,39.930968094157,389,George A Vare Recreation Center,2_5_YEARS,,,"Cyclomedia 2018, Playground Equipment 2017, Pictometry 2020"
-75.1830158424265,39.9358636439708,390,Wharton Square,2_5_YEARS,2014/01/01 00:00:00+00,,"Capital Data 2019, Pictometry 2020"
-75.1867896061289,39.925681865141,391,Thomas B Smith Recreation Center,2_5_YEARS,2018/01/01 00:00:00+00,,"Capital Data 2019, Pictometry 2020"
-75.1738839404699,39.9378798880516,392,Charles H Chew Jr Playground,2_5_YEARS,,,"Cyclomedia 2018, Playground Equipment 2017, Pictometry 2020"
-75.1702434227739,39.9289835150054,393,A Guiseppe DiSilvestro Playground,2_5_YEARS,,,"Cyclomedia 2018, Playground Equipment 2017, Pictometry 2020"
-75.172719387889,39.9233775207807,394,Thomas I Guerin Recreation Center,2_5_YEARS,,,"Cyclomedia 2018, Playground Equipment 2017, Pictometry 2020"
-75.178735191968,39.9155999429208,395,Commodore John Barry Playground,2_5_YEARS,,,"Cyclomedia 2018, Playground Equipment 2017, Pictometry 2020"
-75.1725242220771,39.9164307794603,396,Marconi Plaza,2_5_YEARS,,On the Northwest Side,"Cyclomedia 2018, Playground Equipment 2017, Pictometry 2020"
-75.1708264982718,39.9143779761033,397,Marconi Plaza,2_5_YEARS,,On the Southeast Side,"Cyclomedia 2018, Playground Equipment 2017, Pictometry 2020"
-75.1640683851693,39.9334369117923,398,Columbus Square,2_5_YEARS,,,NearMap 2021
-75.1591131590372,39.9342096198691,399,Dr Nicola Capitolo Playground,2_5_YEARS,2019/04/01 00:00:00+00,,"Pictometry 2020; Capital Drawings (2019)"
-75.1573296288391,39.922921412565,400,James Otis Ford Playground,UNKNOWN,2016/01/01 00:00:00+00,,"Cyclomedia 2018, Playground Equipment 2017"
-75.1537976067406,39.9155048020764,401,Lawrence E Murphy Recreation Center,2_5_YEARS,2017/01/01 00:00:00+00,,NearMap 2021
-75.1564829521603,39.9192944062435,402,Mifflin Square,2_5_YEARS,,,"Cyclomedia 2018, Playground Equipment 2017, Pictometry 2020"
-75.1508151287758,39.920844689128,403,Reverend Edward P Burke Playground,2_5_YEARS,,,"Cyclomedia 2018, Playground Equipment 2017, Pictometry 2020"
-75.1516742180778,39.9278388052624,404,John Dickinson Square,2_5_YEARS,,,"Google Street View 2018, Pictometry 2020"
-75.1486489935198,39.9306977654552,405,Nelson M Herron Playground and Recreation Center,UNKNOWN,,,"Google Street View 2018, Playground Equipment 2017"
-75.1458800453676,39.9347192141851,406,Shot Tower Recreation Center,2_5_YEARS,,,"Cyclomedia 2018, Playground Equipment 2017, Pictometry 2020"
-75.1505970208255,39.9379356227012,407,Weccacoe Square,2_5_YEARS,,,"Cyclomedia 2018, Playground Equipment 2017, Pictometry 2020"
-75.1633571327384,39.9385074654474,408,Hawthorne Cultural Center,2_5_YEARS,,,"Cyclomedia 2018, Playground Equipment 2017"
-75.1644402556559,39.9396336934352,409,Ridgway Park,2_5_YEARS,2016/01/01 00:00:00+00,,"Capital Data 2019, Pictometry 2020"
-75.1584043249756,39.9410279174288,410,Walter Palumbo Recreation Center,2_5_YEARS,,,"Cyclomedia 2018, Playground Equipment 2017, Pictometry 2020"
-75.1597913903882,39.9435392254653,411,Charles Seger Park,2_5_YEARS,2012/01/01 00:00:00+00,,"Capital Data 2019, Pictometry 2020"
-75.152650555601,39.9425663042839,412,Starr Garden Playground,2_5_YEARS,,,"Cyclomedia 2018, Pictometry 2020"
-75.1510441564026,39.9555903672349,413,Franklin Square,2_5_YEARS,,,"Cyclomedia 2018, Playground Equipment 2017, Pictometry 2020"
-75.1371371497006,39.9670370419456,414,Tip Top Playground,2_5_YEARS,,,"Cyclomedia 2018, Playground Equipment 2017, Pictometry 2020"
-75.1374502564717,39.9725256069881,415,Hancock Playground,2_5_YEARS,2020/08/01 00:00:00+00,,"Pictometry 2020;Rebuild Construction Updates 2020"
-75.1448793800417,39.9729274412569,416,Narcissa S Cruz Recreation Center,2_5_YEARS,,,"Cyclomedia 2018, Playground Equipment 2017, Pictometry 2020"
-75.1510586757956,39.9754354714375,417,Marie Dendy Recreation Center,2_5_YEARS,2016/01/01 00:00:00+00,,"Capital Data 2019, Pictometry 2020"
-75.1349894445145,39.9781656887134,418,Michael J Towey Playground,2_5_YEARS,,,"Cyclomedia 2018, Playground Equipment 2017, Pictometry 2020"
-75.0443390145489,40.0279892781107,419,Disston Recreation Center,5_12_YEARS,2019/11/01 00:00:00+00,Installed during 2019/2020 renovations,"Pictometry 2020, Rebuild Construction Updates 2020"
-75.1933990098668,39.932629557534,420,William Lanier Park,2_5_YEARS,2018/11/14 00:00:00+00,,"Google Street View 2018, Pictometry 2020"
-75.1280617332811,39.9834974913198,421,Hagert Street Playground,5_12_YEARS,2018/01/01 00:00:00+00,,"Capital Data 2019, Pictometry 2020"
-75.1524992500605,40.0242065803088,422,Stenton Park,2_5_YEARS,2019/03/01 00:00:00+00,Installed during 2019 Renovations.,NearMap 2021
-75.1194194354677,39.9950846307709,423,McPherson Square,5_12_YEARS,2012/01/01 00:00:00+00,,"Capital Data 2019, Pictometry 2020"
-75.1700516617768,40.065181355338,424,Charles M Finley Playground,2_5_YEARS,2018/01/01 00:00:00+00,,"Capital Data 2019, Pictometry 2020"
-75.0707756238754,40.0391580814432,425,Max Myers Playground,2_5_YEARS,2018/01/01 00:00:00+00,,"Capital Data 2019, Pictometry 2020"
-75.2147440453575,39.9918772457491,426,Belmont Grove,2_5_YEARS,,,"Google Street View 2016, Playground Equipment 2017, Pictometry 2020"
-75.2506976767499,39.9053733606383,427,Eastwick Regional Playground,5_12_YEARS,,,"Pictometry 2020, Playground Equipment 2017"
-75.1973510015064,39.9721326764959,428,Philadelphia Zoo,5_12_YEARS,,In Philadelphia Zoo,"Google Street View 2016, Pictometry 2020"
-74.9980366343887,40.0587742812065,429,Torresdale Recreation Center,2_5_YEARS,2019/01/01 00:00:00+00,,NearMap2021
-75.0671427142851,40.0805802469675,430,Verree and Susquehanna Playground,5_12_YEARS,,,"Pictometry 2020, Playground Equipment 2017"
-75.2310380867799,39.9771089551778,431,Charles A Baker Playground,2_5_YEARS,,,"Cyclomedia 2018, Playground Equipment 2017, Pictometry 2020"
-75.0901797638287,40.0688670979697,432,Burholme Park,2_5_YEARS,2018/01/01 00:00:00+00,,NearMap 2021
-75.090002772144,40.0690680242459,433,Burholme Park,5_12_YEARS,2018/01/01 00:00:00+00,,NearMap 2021
-75.1962186864554,39.9638761020154,434,37th and Mount Vernon Playground ,2_5_YEARS,,,"Cyclomedia 2018, Playground Equipment 2017, Pictometry 2020"
-75.1513484933303,39.9663150667105,435,East Poplar Playground,5_12_YEARS,2021/10/01 00:00:00+00,Installed during 2021 Renovations.,Capital Drawings 2021.
-75.04836496902,40.0213757488738,436,Frank JG Dorsey Memorial Playground,5_12_YEARS,2018/11/05 00:00:00+00,,"Google Street View 2018, Pictometry 2020"
-75.1934563509134,39.9327875823794,437,William Lanier Park,5_12_YEARS,2018/11/14 00:00:00+00,,"Google Street View 2018, Pictometry 2020"
-75.1827124850967,39.99427614683,438,31st and Cumberland Play Lot,2_5_YEARS,,,Pictometry 2020
-75.182420816717,39.9955533872529,439,31st and Huntingdon Play Lot,2_5_YEARS,,,Pictometry 2020
-75.1464508730605,40.007502910032,440,11th and Venango Play Lot,5_12_YEARS,2021/07/01 00:00:00+00,Renvations Phase 1 Installations,"Capital Drawings 2021;NearMap 2021"
-75.1466826083686,40.0076314317266,441,11th and Venango Play Lot,2_5_YEARS,2021/07/01 00:00:00+00,Renvations Phase 1 Installations,"Capital Drawings 2021;NearMap 2021"
-75.1551237592838,39.9329556139041,442,Gold Star Park,2_5_YEARS,2020/11/01 00:00:00+00,,Capital and Communications Info 2020
-75.2498669207489,39.9689319184447,443,William T Granahan Playground,2_5_YEARS,2020/11/01 00:00:00+00,,"Capital and Communications 2020, NearMap2021"
-75.2408278189726,39.9255576706049,444,John J McCreesh Sr Playground,5_12_YEARS,2020/11/01 00:00:00+00,,Capital and Communications 2020
-75.2404518762179,39.9257862089253,445,John J McCreesh Sr Playground,2_5_YEARS,2020/11/01 00:00:00+00,,Capital and Communications 2020
-75.187974453273,40.0182228673275,446,McMichael Park,5_12_YEARS,2020/10/01 00:00:00+00,,Capital and Communications Info 2020
-75.2205819698538,39.931445633421,447,Russell DeRitis Playground,5_12_YEARS,2020/10/01 00:00:00+00,Site renovated in 2020.,NearMap 2021
-75.2203897439901,39.931579240206,448,Russell DeRitis Playground,2_5_YEARS,2020/10/01 00:00:00+00,Site renovated in 2020.,NearMap 2021
-75.1555265717129,40.0202323027843,449,Nicetown Park,2_12_YEARS,2020/10/01 00:00:00+00,Site renovated in 2020.,NearMap 2021 and Capital 2020
-75.0271082999808,40.0604957792693,450,Frank McArdle Memorial Recreation Center,,2021/01/01 00:00:00+00,,NearMap2021
-75.0269853326353,40.0604366842335,451,Frank McArdle Memorial Recreation Center,,2021/01/01 00:00:00+00,,NearMap2021
-75.1475876636687,39.9832264246464,452,8th and Diamond Playground,2_5_YEARS,2021/07/01 00:00:00+00,Installed 2020-2021 (Rebuild),"Capital Drawings 2021; NearMap 2021"
-75.1733375634822,39.9590611945315,453,Benjamin Franklin Parkway,5_12_YEARS,2021/07/01 00:00:00+00,Installed in 7/2021. Called Winter Street Greenway Playground.,"NearMap 2021; GIS Field Verification 2021"
-75.1736093527169,39.9590849357174,454,Benjamin Franklin Parkway,2_5_YEARS,2021/07/01 00:00:00+00,Installed in 7/2021. Called Winter Street Greenway Playground.,"NearMap 2021; GIS Field Verification 2021"
